pid,gender,rank,rank_s,rank_cj,name,born,nation,category,bweight,snatch1,snatch2,snatch3,snatch,jerk1,jerk2,jerk3,jerk,total,event,date
0,w,1,---,---,WANG Mingjuan,11.10.1985,CHN,48,47.73,*88,88,91,91,110,114,*116,114,205,XXX OLYMPIC GAMES,07.2012
1,w,2,---,---,MIYAKE Hiromi,18.11.1985,JPN,48,47.74,83,85,87,87,108,110,*113,110,197,XXX OLYMPIC GAMES,07.2012
2,w,3,---,---,RYANG Chun Hwa,12.06.1991,PRK,48,47.52,80,*83,*84,80,*108,109,112,112,192,XXX OLYMPIC GAMES,07.2012
3,w,4,---,---,PRAMONGKHOL Sirivimon,29.11.1994,THA,48,47.23,78,*80,82,82,106,*108,109,109,191,XXX OLYMPIC GAMES,07.2012
4,w,5,---,---,KARAGOZ Nurdan,25.01.1987,TUR,48,46.99,80,83,*84,83,104,*107,*107,104,187,XXX OLYMPIC GAMES,07.2012
5,w,6,---,---,MIZUOCHI Honami,05.02.1993,JPN,48,47.77,76,78,80,80,92,94,96,96,176,XXX OLYMPIC GAMES,07.2012
6,w,7,---,---,CHANU NGANGBAM Soniya,15.02.1980,IND,48,47.74,72,74,*75,74,93,*97,97,97,171,XXX OLYMPIC GAMES,07.2012
7,w,8,---,---,RIVAS ARTEAGA Betsi Gabriela,02.10.1986,VEN,48,47.43,68,*70,70,70,92,96,98,98,168,XXX OLYMPIC GAMES,07.2012
8,w,9,---,---,PIRON CANDELARIO Beatriz Elizabeth,27.02.1995,DOM,48,47.85,72,75,77,77,87,90,*92,90,167,XXX OLYMPIC GAMES,07.2012
9,w,10,---,---,NOEL BARDIS Melanie Marie Anna,13.05.1986,FRA,48,47.71,70,73,*75,73,88,91,93,93,166,XXX OLYMPIC GAMES,07.2012
10,w,11,---,---,BURGOS ORTIZ Lely Berlitt,06.06.1985,PUR,48,47.61,65,*70,*70,65,87,*92,92,92,157,XXX OLYMPIC GAMES,07.2012
11,w,12,---,---,RAKOTONDRAMANANA Harinelina Nathalia,15.01.1989,MAD,48,47.74,*55,55,*60,55,75,80,*82,80,135,XXX OLYMPIC GAMES,07.2012
12,w,---,---,---,SISOEVA Marina,30.05.1993,UZB,48,47.85,*79,*79,*80,---,---,---,---,---,0,XXX OLYMPIC GAMES,07.2012
13,w,---,---,---,KHAMSRI Panida,13.01.1989,THA,48,47.45,*81,*81,*81,---,---,---,---,---,0,XXX OLYMPIC GAMES,07.2012
14,w,1,---,---,CHINSHANLO Zulfiya,25.07.1993,KAZ,53,52.70,*92,92,95,95,125,131,*135,131,226,XXX OLYMPIC GAMES,07.2012
15,w,2,---,---,HSU Shu-Ching,09.05.1991,TPE,53,52.41,91,94,96,96,120,*123,123,123,219,XXX OLYMPIC GAMES,07.2012
16,w,3,---,---,IOVU Cristina,08.11.1992,MDA,53,52.79,95,*99,99,99,115,120,*125,120,219,XXX OLYMPIC GAMES,07.2012
17,w,4,---,---,FEBRIANTI Citra,22.02.1988,INA,53,52.53,88,91,*94,91,108,112,115,115,206,XXX OLYMPIC GAMES,07.2012
18,w,5,---,---,PARATOVA Iuliia,07.11.1986,UKR,53,52.43,91,*94,*94,91,105,*108,108,108,199,XXX OLYMPIC GAMES,07.2012
19,w,6,---,---,VILLAR BARBOZA Rusmeris,28.03.1983,COL,53,52.59,*87,87,*90,87,105,109,*112,109,196,XXX OLYMPIC GAMES,07.2012
20,w,7,---,---,KLEJNOWSKA-KRZYWANSKA Aleksandra Jadwiga,17.12.1982,POL,53,52.67,83,84,*86,84,108,112,  *113,112,196,XXX OLYMPIC GAMES,07.2012
21,w,8,---,---,NGUYEN Thi Thuy,23.08.1990,VIE,53,52.23,80,*84,85,85,*110,110,*115,110,195,XXX OLYMPIC GAMES,07.2012
22,w,9,---,---,YU Weili,24.06.1983,HKG,53,52.95,*86,86,90,90,105,*110,*110,105,195,XXX OLYMPIC GAMES,07.2012
23,w,10,---,---,HENRRIQUEZ GONZALEZ Inmara Tibisay,23.09.1981,VEN,53,52.84,78,*81,81,81,107,110,113,113,194,XXX OLYMPIC GAMES,07.2012
24,w,11,---,---,ROHDE Julia,13.05.1989,GER,53,52.45,83,85,*87,85,105,108,*110,108,193,XXX OLYMPIC GAMES,07.2012
25,w,12,---,---,YAGI Kanae,16.07.1992,JPN,53,52.36,*82,82,*85,82,105,*109,109,109,191,XXX OLYMPIC GAMES,07.2012
26,w,13,---,---,LOCHOWSKA Joanna,17.11.1988,POL,53,52.57,84,*87,*87,84,104,107,*110,107,191,XXX OLYMPIC GAMES,07.2012
27,w,14,---,---,TOUA Loa Dika,23.06.1984,PNG,53,52.48,75,*79,79,79,95,*100,*100,95,174,XXX OLYMPIC GAMES,07.2012
28,w,15,---,---,WONG Kar Mun Helena,11.04.1988,SIN,53,52.31,55,59,61,61,67,71,73,73,134,XXX OLYMPIC GAMES,07.2012
29,w,---,---,---,ZHOU Jun,27.02.1995,CHN,53,52.80,*95,*95,*95,---,---,---,---,---,0,XXX OLYMPIC GAMES,07.2012
30,w,---,---,---,DASDELEN Aylin,01.01.1982,TUR,53,52.91,*91,*91,91,91,*124,*129,---,---,0,XXX OLYMPIC GAMES,07.2012
31,w,---,---,---,CONTRERAS Yuderqui Maridalia,27.03.1986,DOM,53,52.95,*94,*94,*94,---,---,---,---,---,0,XXX OLYMPIC GAMES,07.2012
32,m,1,---,---,OM Yun Chol,18.11.1991,PRK,56,55.76,120,*125,125,125,160,165,168,168,293,XXX OLYMPIC GAMES,07.2012
33,m,2,---,---,WU Jingbiao,10.01.1989,CHN,56,55.91,*130,130,133,133,*156,156,*161,156,289,XXX OLYMPIC GAMES,07.2012
34,m,3,---,---,HRISTOV Valentin,30.03.1994,AZE,56,55.84,123,127,*130,127,154,*158,159,159,286,XXX OLYMPIC GAMES,07.2012
35,m,4,---,---,TRAN Le Quoc Toan,05.04.1989,VIE,56,55.84,*125,*125,125,125,155,159,*162,159,284,XXX OLYMPIC GAMES,07.2012
36,m,5,---,---,SETIADI Jadi,02.02.1985,INA,56,55.48,121,125,127,127,*150,150,*156,150,277,XXX OLYMPIC GAMES,07.2012
37,m,6,---,---,MONTES GONGORA Jose Lino,18.04.1989,MEX,56,55.80,112,*116,*116,112,150,157,*160,157,269,XXX OLYMPIC GAMES,07.2012
38,m,7,---,---,RADA RODRIGUEZ Sergio Armando,27.01.1984,COL,56,55.89,*118,118,*121,118,148,151,*155,151,269,XXX OLYMPIC GAMES,07.2012
39,m,8,---,---,BERNA GONZALEZ Carlos Andres,21.01.1990,COL,56,55.55,*115,115,118,118,150,*153,*153,150,268,XXX OLYMPIC GAMES,07.2012
40,m,9,---,---,CROITORU Florin Ionut,25.08.1993,ROU,56,55.90,121,*125,*125,121,*145,*145,147,147,268,XXX OLYMPIC GAMES,07.2012
41,m,10,---,---,SIN Chol Bom,15.06.1990,PRK,56,55.72,*110,110,113,113,145,*150,*150,145,258,XXX OLYMPIC GAMES,07.2012
42,m,11,---,---,ROMERO Yasmani,26.09.1988,CUB,56,55.95,*112,112,*116,112,142,*146,146,146,258,XXX OLYMPIC GAMES,07.2012
43,m,12,---,---,GOEGEBUER Tom Richard,27.03.1975,BEL,56,55.88,111,115,*117,115,132,*137,*138,132,247,XXX OLYMPIC GAMES,07.2012
44,m,13,---,---,TULO Manueli,25.03.1990,FIJ,56,55.77,100,105,*110,105,128,*132,*132,128,233,XXX OLYMPIC GAMES,07.2012
45,m,14,---,---,SCARANTINO Mirco,16.01.1995,ITA,56,55.42,*97,*97,97,97,123,128,*132,128,225,XXX OLYMPIC GAMES,07.2012
46,m,---,---,---,MAKAROV Ruslan,19.01.1987,UZB,56,55.96,*117,117,*119,117,*145,*145,*145,---,0,XXX OLYMPIC GAMES,07.2012
47,m,---,---,---,EL MAOUI Khalil,12.09.1988,TUN,56,55.39,127,130,132,132,---,---,---,---,0,XXX OLYMPIC GAMES,07.2012
48,m,---,---,---,OSMONALIEV Bekzat,28.12.1985,KGZ,56,55.93,120,125,127,127,*147,*147,*147,---,0,XXX OLYMPIC GAMES,07.2012
49,m,---,---,---,ALVAREZ BOULET Sergio,11.10.1979,CUB,56,55.96,117,121,*125,121,*150,*150,*150,---,0,XXX OLYMPIC GAMES,07.2012
50,w,1,---,---,LI Xueying,15.05.1990,CHN,58,57.98,*105,105,108,108,133,138,*144,138,246,XXX OLYMPIC GAMES,07.2012
51,w,2,---,---,SIRIKAEW Pimsiri,25.04.1990,THA,58,57.76,100,*103,*103,100,131,136,*140,136,236,XXX OLYMPIC GAMES,07.2012
52,w,3,---,---,KALINA Yuliya,24.10.1988,UKR,58,57.60,101,104,106,106,123,127,129,129,235,XXX OLYMPIC GAMES,07.2012
53,w,4,---,---,GULNOI Rattikan,17.07.1993,THA,58,57.71,*98,*100,100,100,130,134,*136,134,234,XXX OLYMPIC GAMES,07.2012
54,w,5,---,---,KOSTOVA Boyanka Minkova,10.05.1993,AZE,58,56.93,100,103,105,105,*124,124,128,128,233,XXX OLYMPIC GAMES,07.2012
55,w,6,---,---,JONG Chun Mi,15.03.1985,PRK,58,57.63,101,*103,*103,101,130,*134,*134,130,231,XXX OLYMPIC GAMES,07.2012
56,w,7,---,---,NOVIKAVA Nastassia,16.11.1981,BLR,58,57.94,103,*106,*108,103,*127,127,*133,127,230,XXX OLYMPIC GAMES,07.2012
57,w,8,---,---,KUO Hsing-Chun,26.11.1993,TPE,58,56.95,99,*101,*102,99,129,*133,*133,129,228,XXX OLYMPIC GAMES,07.2012
58,w,9,---,---,ESCOBAR GUERRERO Maria Alexandra,17.07.1980,ECU,58,57.48,*100,100,103,103,123,*127,*127,123,226,XXX OLYMPIC GAMES,07.2012
59,w,10,---,---,HEREDIA CUESTA Jackelina,31.12.1988,COL,58,57.86,98,100,*101,100,*125,*125,125,125,225,XXX OLYMPIC GAMES,07.2012
60,w,11,---,---,BEGAJ Romela,02.11.1986,ALB,58,57.94,101,*105,*105,101,115,*121,*121,115,216,XXX OLYMPIC GAMES,07.2012
61,w,12,---,---,SMITH Zoe,26.04.1994,GBR,58,57.97,90,*93,*93,90,116,*121,121,121,211,XXX OLYMPIC GAMES,07.2012
62,w,13,---,---,ULRICH Christin,19.09.1990,GER,58,57.40,88,91,93,93,110,114,*116,114,207,XXX OLYMPIC GAMES,07.2012
63,w,14,---,---,YANG Eun-Hye,25.07.1987,KOR,58,57.93,83,*87,87,87,108,113,*116,113,200,XXX OLYMPIC GAMES,07.2012
64,w,15,---,---,TUNADAGI Bediha,20.08.1985,TUR,58,57.34,84,*87,87,87,103,*107,107,107,194,XXX OLYMPIC GAMES,07.2012
65,w,16,---,---,MONIQUI Annie Marie Roseline Gatienne,28.03.1990,CAN,58,57.91,*85,85,*88,85,*105,*105,105,105,190,XXX OLYMPIC GAMES,07.2012
66,w,17,---,---,WINI Jenly Tegu,09.06.1983,SOL,58,57.43,65,*69,*69,65,90,93,95,95,160,XXX OLYMPIC GAMES,07.2012
67,w,---,---,---,DIAZ Hidilyn ,20.02.1991,PHI,58,57.70,92,*97,97,97,*118,*118,*118,---,0,XXX OLYMPIC GAMES,07.2012
68,w,---,---,---,RIVAS ORDONEZ Lina Marcela,24.04.1990,COL,58,57.73,100,*103,103,103,*120,*120,*120,---,0,XXX OLYMPIC GAMES,07.2012
69,m,1,---,---,KIM Un Guk,28.10.1988,PRK,62,61.77,145,150,153,153,170,*174,174,174,327,XXX OLYMPIC GAMES,07.2012
70,m,2,---,---,FIGUEROA MOSQUERA Oscar Albeiro,27.04.1983,COL,62,61.76,137,140,*142,140,*177,*177,177,177,317,XXX OLYMPIC GAMES,07.2012
71,m,3,---,---,IRAWAN Eko Yuli ,24.07.1989,INA,62,61.89,138,142,145,145,*168,168,172,172,317,XXX OLYMPIC GAMES,07.2012
72,m,4,---,---,ZHANG Jie,26.08.1987,CHN,62,61.86,140,*145,*145,140,174,*178,*178,174,314,XXX OLYMPIC GAMES,07.2012
73,m,5,---,---,ATAK Hursit,24.05.1991,TUR,62,61.93,130,*134,*134,130,*166,166,172,172,302,XXX OLYMPIC GAMES,07.2012
74,m,6,---,---,BAZARBAYEV Umurbek,17.09.1981,TKM,62,61.95,*135,135,*139,135,*162,*165,167,167,302,XXX OLYMPIC GAMES,07.2012
75,m,7,---,---,HASBI Muhamad,12.07.1992,INA,62,61.81,130,135,138,138,163,*171,*171,163,301,XXX OLYMPIC GAMES,07.2012
76,m,8,---,---,BILGIN Erol,20.02.1987,TUR,62,61.90,135,*139,*140,135,*165,165,*169,165,300,XXX OLYMPIC GAMES,07.2012
77,m,9,---,---,SAAD Ahmed Ahmed Mohamed,01.11.1986,EGY,62,61.63,125,*130,130,130,158,162,*165,162,292,XXX OLYMPIC GAMES,07.2012
78,m,10,---,---,MINGINFEL Manuel,28.09.1978,FSM,62,61.86,122,127,*130,127,*158,*158,158,158,285,XXX OLYMPIC GAMES,07.2012
79,m,11,---,---,SALAMANCA PINEDA Julio Cesar,15.07.1989,ESA,62,61.03,110,*115,*115,110,*150,150,*155,150,260,XXX OLYMPIC GAMES,07.2012
80,m,12,---,---,LAPUA Lapua Tuau,15.04.1991,TUV,62,61.62,104,108,*111,108,126,131,135,135,243,XXX OLYMPIC GAMES,07.2012
81,m,13,---,---,SSEKYAAYA Charles,11.04.1994,UGA,62,61.47,100,105,*108,105,130,*135,*140,130,235,XXX OLYMPIC GAMES,07.2012
82,m,14,---,---,PATRIS Stevick,17.01.1991,PLW,62,61.34,100,104,*108,104,125,130,*132,130,234,XXX OLYMPIC GAMES,07.2012
83,m,---,---,---,JI Hun-Min,26.03.1984,KOR,62,61.57,135,*140,*142,135,*160,*165,*165,---,0,XXX OLYMPIC GAMES,07.2012
84,w,1,---,---,MANEZA Maiya,01.11.1985,KAZ,63,62.21,106,110,*112,110,135,*144,*144,135,245,XXX OLYMPIC GAMES,07.2012
85,w,2,---,---,TSARUKAEVA Svetlana,25.12.1987,RUS,63,62.42,106,*111,112,112,125,*130,*130,125,237,XXX OLYMPIC GAMES,07.2012
86,w,3,---,---,GIRARD Christine,03.01.1985,CAN,63,62.87,103,*105,*105,103,130,133,*135,133,236,XXX OLYMPIC GAMES,07.2012
87,w,4,---,---,SIMSEK Sibel,10.10.1984,TUR,63,62.28,*105,*105,105,105,130,*133,*133,130,235,XXX OLYMPIC GAMES,07.2012
88,w,5,---,---,MANEVA Milka Mikova,07.06.1985,BUL,63,62.66,98,102,*105,102,125,131,*134,131,233,XXX OLYMPIC GAMES,07.2012
89,w,6,---,---,ACOSTA VALDEZ Luz Mercedes,22.12.1980,MEX,63,62.91,99,*103,*104,99,119,125,*127,125,224,XXX OLYMPIC GAMES,07.2012
90,w,7,---,---,LEE Seen,15.11.1982,AUS,63,59.65,78,83,*86,83,98,103,*106,103,186,XXX OLYMPIC GAMES,07.2012
91,w,8,---,---,LIKU Maria,27.04.1990,FIJ,63,61.45,78,82,*85,82,100,*105,*105,100,182,XXX OLYMPIC GAMES,07.2012
92,w,9,---,---,CASTANEDA GOMEZ Lucia Cecilia,08.07.1981,NCA,63,62.46,76,*79,79,79,91,*97,97,97,176,XXX OLYMPIC GAMES,07.2012
93,w,10,---,---,SALDARRIAGA DIOSES Silvana Katiuzca,13.03.1993,PER,63,58.11,70,*75,75,75,92,97,*101,97,172,XXX OLYMPIC GAMES,07.2012
94,w,1,---,---,RIM Jong Sim,05.02.1993,PRK,69,68.22,111,115,*117,115,142,*146,146,146,261,XXX OLYMPIC GAMES,07.2012
95,m,1,---,---,LIN Qingfeng,26.01.1989,CHN,69,67.79,152,155,157,157,182,187,*198,187,344,XXX OLYMPIC GAMES,07.2012
96,m,2,---,---,TRIYATNO,20.12.1987,INA,69,68.88,145,*150,*150,145,181,186,188,188,333,XXX OLYMPIC GAMES,07.2012
97,w,2,---,---,COCOS Roxana Daniela,05.06.1989,ROU,69,68.00,108,111,113,113,138,143,*146,143,256,XXX OLYMPIC GAMES,07.2012
98,m,3,---,---,MARTIN Razvan Constantin,22.12.1991,ROU,69,68.61,149,*152,152,152,177,180,*182,180,332,XXX OLYMPIC GAMES,07.2012
99,w,3,---,---,SHKERMANKOVA Maryna,09.04.1990,BLR,69,68.21,108,113,*117,113,135,140,143,143,256,XXX OLYMPIC GAMES,07.2012
100,m,4,---,---,KIM Myong Hyok,03.12.1990,PRK,69,68.78,140,*145,145,145,177,184,*187,184,329,XXX OLYMPIC GAMES,07.2012
101,w,4,---,---,SAZANAVETS Dzina,25.10.1990,BLR,69,68.49,108,113,115,115,*136,136,141,141,256,XXX OLYMPIC GAMES,07.2012
102,w,5,---,---,NURMUKHAMBETOVA Anna,28.07.1993,KAZ,69,68.71,110,115,*117,115,136,*140,*140,136,251,XXX OLYMPIC GAMES,07.2012
103,m,5,---,---,SANCHEZ RIVERO Junior Antonio,01.06.1989,VEN,69,68.67,145,*148,148,148,172,176,180,180,328,XXX OLYMPIC GAMES,07.2012
104,m,6,---,---,BINAY Mete,19.01.1985,TUR,69,68.70,*150,150,*153,150,175,*180,*180,175,325,XXX OLYMPIC GAMES,07.2012
105,w,6,---,---,VALOYES CUESTA Ubaldina,06.07.1982,COL,69,68.98,108,111,*113,111,130,*135,135,135,246,XXX OLYMPIC GAMES,07.2012
106,w,7,---,---,HUANG Shih Hsu,30.11.1975,TPE,69,68.45,110,*115,*115,110,*130,130,131,131,241,XXX OLYMPIC GAMES,07.2012
107,m,7,---,---,WON Jeongsik,09.12.1990,KOR,69,68.73,144,*147,*147,144,178,*186,*187,178,322,XXX OLYMPIC GAMES,07.2012
108,w,8,---,---,BEAUCHEMIN-NADEAU Marie-Eve,13.10.1988,CAN,69,68.92,*100,100,104,104,130,*134,135,135,239,XXX OLYMPIC GAMES,07.2012
109,m,8,---,---,HASANOV Sardar,12.05.1985,AZE,69,68.77,138,145,*150,145,167,176,*181,176,321,XXX OLYMPIC GAMES,07.2012
110,m,9,---,---,CALJA Briken,19.02.1990,ALB,69,68.96,143,*146,*146,143,173,174,177,177,320,XXX OLYMPIC GAMES,07.2012
111,w,9,---,---,AHMED Esmat,01.01.1986,EGY,69,68.42,*105,105,*108,105,*130,130,*134,130,235,XXX OLYMPIC GAMES,07.2012
112,w,10,---,---,HASSINE Ghada,17.05.1993,TUN,69,68.64,97,*101,102,102,115,120,*125,120,222,XXX OLYMPIC GAMES,07.2012
113,m,10,---,---,ABDELBAKI Mohamed Abdeltawwab I.,18.07.1987,EGY,69,68.97,141,*145,145,145,171,*176,*176,171,316,XXX OLYMPIC GAMES,07.2012
114,m,11,---,---,KIM Kum Sok,19.08.1987,PRK,69,68.61,*140,140,*145,140,175,*181,*181,175,315,XXX OLYMPIC GAMES,07.2012
115,w,11,---,---,TENORIO SILVA Rosa Angela,02.10.1984,ECU,69,68.72,*95,95,*100,95,*115,115,*120,115,210,XXX OLYMPIC GAMES,07.2012
116,w,12,---,---,PERDUE Natasha,27.07.1975,GBR,69,67.98,*92,92,*95,92,113,---,---,113,205,XXX OLYMPIC GAMES,07.2012
117,m,12,---,---,DENI,26.07.1989,INA,69,67.63,*140,140,*145,140,*170,171,*177,171,311,XXX OLYMPIC GAMES,07.2012
118,m,13,---,---,ISMAYILOV Daniyar,03.02.1992,TKM,69,68.06,140,145,*150,145,160,165,*170,165,310,XXX OLYMPIC GAMES,07.2012
119,w,13,---,---,OBIERO Mercy Apondi,27.08.1978,KEN,69,67.85,72,*76,76,76,100,105,*111,105,181,XXX OLYMPIC GAMES,07.2012
120,m,14,---,---,SANCHEZ GUERRERO Doyler Eustoquio,12.10.1988,COL,69,68.11,135,138,*140,138,*170,170,*174,170,308,XXX OLYMPIC GAMES,07.2012
121,m,15,---,---,KATULU Ravi Kumar,24.04.1988,IND,69,68.67,136,*141,*141,136,167,*176,*176,167,303,XXX OLYMPIC GAMES,07.2012
122,m,16,---,---,DAENGCHANTHUEK Atthaphon,19.12.1990,THA,69,68.83,130,*135,*135,130,165,*170,170,170,300,XXX OLYMPIC GAMES,07.2012
123,m,17,---,---,EVANS Gareth Irfon,18.04.1986,GBR,69,68.31,125,130,*133,130,153,158,*160,158,288,XXX OLYMPIC GAMES,07.2012
124,m,18,---,---,SEZER Bunyami,04.07.1988,TUR,69,66.95,120,125,130,130,135,145,*153,145,275,XXX OLYMPIC GAMES,07.2012
125,m,---,---,---,BAYRAMOV Afgan,14.10.1983,AZE,69,68.54,*142,*142,*142,---,---,---,---,---,0,XXX OLYMPIC GAMES,07.2012
126,w,---,---,---,DALUZYAN Meline,20.04.1988,ARM,69,68.65,111,*115,*115,111,*140,*140,*142,---,0,XXX OLYMPIC GAMES,07.2012
127,w,---,---,---,MUN Yura,13.05.1990,KOR,69,68.56,*102,*102,*102,---,---,---,---,---,0,XXX OLYMPIC GAMES,07.2012
128,m,---,---,---,MIRZOYAN Arakel,21.10.1989,ARM,69,68.73,*148,148,*151,148,*177,*177,*181,---,0,XXX OLYMPIC GAMES,07.2012
129,m,---,---,---,GODELLI Daniel,10.01.1992,ALB,69,68.49,*142,*145,*145,---,---,---,---,---,0,XXX OLYMPIC GAMES,07.2012
130,m,---,---,---,MENDIBAEV Bakhram,27.08.1983,UZB,69,68.69,*135,*135,*135,---,---,---,---,---,0,XXX OLYMPIC GAMES,07.2012
131,m,---,---,---,DABAYA TIENTCHEU Vencelas,28.04.1981,FRA,69,68.66,*135,*135,*135,---,---,---,---,---,0,XXX OLYMPIC GAMES,07.2012
132,m,---,---,---,KINGUE MATAM Bernardin Ledoux,20.05.1990,FRA,69,68.32,*143,*143,*144,---,---,---,---,---,0,XXX OLYMPIC GAMES,07.2012
133,w,1,---,---,PODOBEDOVA Svetlana,25.05.1986,KAZ,75,74.58,*126,126,130,130,150,156,161,161,291,XXX OLYMPIC GAMES,07.2012
134,w,2,---,---,ZABOLOTNAYA Natalya,15.08.1985,RUS,75,74.80,125,128,131,131,147,155,160,160,291,XXX OLYMPIC GAMES,07.2012
135,w,3,---,---,KULESHA Iryna,26.06.1986,BLR,75,74.95,116,121,*125,121,140,145,148,148,269,XXX OLYMPIC GAMES,07.2012
136,w,4,---,---,VALENTIN PEREZ Lidia,10.02.1985,ESP,75,74.39,*115,115,120,120,140,145,*148,145,265,XXX OLYMPIC GAMES,07.2012
137,w,5,---,---,ABIR ABDELRAHMAN Khalil Mahmoud Khalil,13.06.1992,EGY,75,74.60,112,116,118,118,140,*148,*151,140,258,XXX OLYMPIC GAMES,07.2012
138,w,6,---,---,NZESSO NGAKE Madias Dodo,20.04.1992,CMR,75,74.55,105,110,115,115,131,*136,*140,131,246,XXX OLYMPIC GAMES,07.2012
139,w,7,---,---,MIZDAL Ewa Justyna,18.07.1987,POL,75,70.58,100,102,104,104,127,*132,*133,127,231,XXX OLYMPIC GAMES,07.2012
140,w,8,---,---,ANTONIA FERREIRA Jaqueline,05.03.1987,BRA,75,74.12,95,100,102,102,121,126,128,128,230,XXX OLYMPIC GAMES,07.2012
141,w,9,---,---,VALDES PARIS Maria Fernanda,17.03.1992,CHI,75,74.70,96,*100,*100,96,120,127,*131,127,223,XXX OLYMPIC GAMES,07.2012
142,w,10,---,---,LIM Ji-Hye,28.10.1985,KOR,75,74.81,97,*102,*103,97,*125,126,*132,126,223,XXX OLYMPIC GAMES,07.2012
143,w,11,---,---,SOBH Thuraia,04.01.1986,SYR,75,73.36,80,86,*91,86,105,*113,115,115,201,XXX OLYMPIC GAMES,07.2012
144,w,12,---,---,MOHAMMAD Khadija,19.06.1995,UAE,75,74.72,47,51,*53,51,53,58,62,62,113,XXX OLYMPIC GAMES,07.2012
145,w,---,---,---,EVSTIUKHINA Nadezhda,27.05.1988,RUS,75,74.23,*125,*125,*125,---,---,---,---,---,0,XXX OLYMPIC GAMES,07.2012
146,m,1,---,---,LYU Xiaojun,27.07.1984,CHN,77,76.62,170,175,*177,175,195,*204,204,204,379,XXX OLYMPIC GAMES,07.2012
147,m,2,---,---,LU Haojie,03.08.1990,CHN,77,76.37,170,*175,---,170,190,*191,---,190,360,XXX OLYMPIC GAMES,07.2012
148,m,3,---,---,CAMBAR RODRIGUEZ Ivan,29.12.1983,CUB,77,76.70,150,155,*160,155,190,194,---,194,349,XXX OLYMPIC GAMES,07.2012
149,m,4,---,---,CHINNAWONG Chatuphum,19.07.1993,THA,77,76.64,157,*161,*162,157,191,*195,*195,191,348,XXX OLYMPIC GAMES,07.2012
150,m,5,---,---,ABDELBAKI Ibrahim Ramadan Ibrahim,06.02.1988,EGY,77,76.79,150,*155,155,155,*192,192,*197,192,347,XXX OLYMPIC GAMES,07.2012
151,m,6,---,---,MATA PEREZ Andres Eduardo,11.11.1992,ESP,77,76.93,145,150,*153,150,183,188,*190,188,338,XXX OLYMPIC GAMES,07.2012
152,m,7,---,---,ZWARYCZ Krzysztof Maciej,13.12.1990,POL,77,76.97,150,*153,*154,150,*182,182,*189,182,332,XXX OLYMPIC GAMES,07.2012
153,m,8,---,---,EKPO Felix,10.09.1981,NGR,77,76.23,146,*151,151,151,180,*188,*188,180,331,XXX OLYMPIC GAMES,07.2012
154,m,9,---,---,PAVLOV Kirill,13.09.1986,KAZ,77,76.77,138,143,147,147,165,*175,175,175,322,XXX OLYMPIC GAMES,07.2012
155,m,10,---,---,OLIVER Jack Simon,04.01.1991,GBR,77,76.45,*135,135,140,140,160,165,170,170,310,XXX OLYMPIC GAMES,07.2012
156,m,11,---,---,PERIVE Toafitu,07.01.1985,SAM,77,75.95,117,122,*125,122,157,163,167,167,289,XXX OLYMPIC GAMES,07.2012
157,m,---,---,---,SA Jaehyouk,29.01.1985,KOR,77,76.56,158,*162,---,158,---,---,---,---,0,XXX OLYMPIC GAMES,07.2012
158,m,1,---,---,ZIELINSKI Adrian Edward,28.03.1989,POL,85,84.62,170,174,*176,174,*206,206,211,211,385,XXX OLYMPIC GAMES,07.2012
159,m,2,---,---,AUKHADOV Apti,18.11.1992,RUS,85,84.75,169,173,175,175,205,210,*212,210,385,XXX OLYMPIC GAMES,07.2012
160,m,3,---,---,ROSTAMI Kianoush,23.07.1991,IRI,85,84.35,171,*174,*174,171,209,*214,*214,209,380,XXX OLYMPIC GAMES,07.2012
161,m,4,---,---,ABDELAZIM Tarek Yehia Fouad,18.05.1987,EGY,85,84.70,160,165,*167,165,205,210,*216,210,375,XXX OLYMPIC GAMES,07.2012
162,m,5,---,---,MARKOV Ivan Markov,14.09.1988,BUL,85,84.71,168,*172,172,172,203,*209,*209,203,375,XXX OLYMPIC GAMES,07.2012
163,m,6,---,---,ABDALLA Ragab Abdelhay Saad A.,04.03.1991,EGY,85,84.81,161,165,*167,165,202,207,*210,207,372,XXX OLYMPIC GAMES,07.2012
164,m,7,---,---,HERNANDEZ PAUMIER Yoelmis,25.04.1986,CUB,85,82.28,*158,158,163,163,205,*210,*210,205,368,XXX OLYMPIC GAMES,07.2012
165,m,8,---,---,NOVIKAU Mikalai,13.06.1986,BLR,85,84.71,163,167,*170,167,192,196,*200,196,363,XXX OLYMPIC GAMES,07.2012
166,m,9,---,---,TSIREKIDZE Rauli,24.05.1987,GEO,85,84.49,162,*167,*167,162,195,200,*202,200,362,XXX OLYMPIC GAMES,07.2012
167,m,10,---,---,FARRIS Kendrick James,02.07.1986,USA,85,84.70,*150,150,155,155,190,200,*208,200,355,XXX OLYMPIC GAMES,07.2012
168,m,11,---,---,YUSUPOV Sherzodjon,10.10.1982,UZB,85,84.72,150,155,*159,155,180,*195,195,195,350,XXX OLYMPIC GAMES,07.2012
169,m,12,---,---,TIBNOKE Pitaya,21.09.1989,THA,85,84.47,152,*156,*156,152,193,196,*202,196,348,XXX OLYMPIC GAMES,07.2012
170,m,13,---,---,AL-JUMAILI Safaa,01.01.1990,IRQ,85,83.01,145,150,*156,150,*195,195,*200,195,345,XXX OLYMPIC GAMES,07.2012
171,m,14,---,---,PATTERSON Richard John Edward,30.04.1983,NZL,85,84.46,*150,150,*154,150,183,186,*195,186,336,XXX OLYMPIC GAMES,07.2012
172,m,15,---,---,KARI Steven Kakuna,13.05.1993,PNG,85,84.74,135,140,*145,140,175,180,*185,180,320,XXX OLYMPIC GAMES,07.2012
173,m,16,---,---,SAGIR Nezir,19.10.1983,TUR,85,83.45,*130,130,140,140,160,170,175,175,315,XXX OLYMPIC GAMES,07.2012
174,m,---,---,---,REJEPOV Mansur,03.01.1982,TKM,85,84.67,160,*165,*168,160,*188,*188,*190,---,0,XXX OLYMPIC GAMES,07.2012
175,m,---,---,---,SINCRAIAN Gabriel,21.12.1988,ROU,85,84.07,*167,*167,*167,---,---,---,---,---,0,XXX OLYMPIC GAMES,07.2012
176,m,---,---,---,HENNEQUIN Benjamin Didier,24.08.1984,FRA,85,84.44,*163,*163,*163,---,---,---,---,---,0,XXX OLYMPIC GAMES,07.2012
177,m,---,---,---,MORADI Sohrab,22.09.1988,IRI,85,84.19,*166,*166,*166,---,---,---,---,---,0,XXX OLYMPIC GAMES,07.2012
178,m,---,---,---,LU Yong,01.01.1986,CHN,85,84.54,175,178,*180,178,*205,*205,*205,---,0,XXX OLYMPIC GAMES,07.2012
179,m,---,---,---,KHACHATRYAN Ara,13.09.1982,ARM,85,84.74,*165,*165,*165,---,---,---,---,---,0,XXX OLYMPIC GAMES,07.2012
180,m,---,---,---,RYBAKOU Andrei,04.03.1982,BLR,85,84.09,*175,*175,*180,---,---,---,---,---,0,XXX OLYMPIC GAMES,07.2012
181,m,1,---,---,ILYIN Ilya,24.05.1988,KAZ,94,93.52,177,182,185,185,224,228,233,233,418,XXX OLYMPIC GAMES,07.2012
182,m,2,---,---,IVANOV Alexandr,22.07.1989,RUS,94,93.30,180,*185,185,185,215,224,*229,224,409,XXX OLYMPIC GAMES,07.2012
183,m,3,---,---,CIRICU Anatoli,14.09.1988,MDA,94,93.29,178,*181,181,181,220,226,*228,226,407,XXX OLYMPIC GAMES,07.2012
184,m,4,---,---,DEMANOV Andrey,15.07.1985,RUS,94,93.85,175,180,182,182,215,*225,225,225,407,XXX OLYMPIC GAMES,07.2012
185,m,5,---,---,MOHAMMADPOURKARKARAGH Saeid,03.03.1993,IRI,94,94.00,177,180,183,183,219,*224,*226,219,402,XXX OLYMPIC GAMES,07.2012
186,m,6,---,---,ZAIROV Intigam,21.04.1985,AZE,94,93.17,*175,175,182,182,215,*223,*225,215,397,XXX OLYMPIC GAMES,07.2012
187,m,7,---,---,UTESHOV Almas,18.05.1988,KAZ,94,93.15,167,*173,175,175,213,220,*225,220,395,XXX OLYMPIC GAMES,07.2012
188,m,8,---,---,KIM Minjae,13.10.1983,KOR,94,93.68,178,182,185,185,210,*220,*221,210,395,XXX OLYMPIC GAMES,07.2012
189,m,9,---,---,ZIELINSKI Tomasz Bernard,29.10.1990,POL,94,93.61,167,172,175,175,208,210,*215,210,385,XXX OLYMPIC GAMES,07.2012
190,m,10,---,---,MAKARANKA Aliaksandr,02.02.1990,BLR,94,93.65,165,170,175,175,200,205,209,209,384,XXX OLYMPIC GAMES,07.2012
191,m,11,---,---,VARDANYAN Norayr,15.05.1987,ARM,94,93.83,170,*175,*175,170,210,*216,*216,210,380,XXX OLYMPIC GAMES,07.2012
192,m,12,---,---,PILIYEV Kostyantyn,28.02.1983,UKR,94,93.59,160,*166,166,166,200,*206,206,206,372,XXX OLYMPIC GAMES,07.2012
193,m,13,---,---,KAVELASVILI David,02.08.1985,GRE,94,93.21,165,170,*173,170,200,*205,*205,200,370,XXX OLYMPIC GAMES,07.2012
194,m,14,---,---,KARINA Endri,02.03.1989,ALB,94,93.90,*155,155,*161,155,185,190,195,195,350,XXX OLYMPIC GAMES,07.2012
195,m,15,---,---,ALQAISOUM Abbas Abdrabalhussain A,31.10.1980,KSA,94,93.06,140,150,155,155,171,180,*185,180,335,XXX OLYMPIC GAMES,07.2012
196,m,16,---,---,KIRKBRIDE Peter Duncan,19.12.1987,GBR,94,93.37,138,*142,*142,138,180,185,190,190,328,XXX OLYMPIC GAMES,07.2012
197,m,17,---,---,KATOATAU David,17.07.1984,KIR,94,93.32,135,*140,140,140,185,*190,*190,185,325,XXX OLYMPIC GAMES,07.2012
198,m,18,---,---,PAVON FUNES Cristopher Joel,18.04.1993,HON,94,93.20,130,135,140,140,170,177,180,180,320,XXX OLYMPIC GAMES,07.2012
199,m,19,---,---,ANTTIROIKO Miika Matias,20.11.1988,FIN,94,93.63,*140,*140,140,140,*180,180,*185,180,320,XXX OLYMPIC GAMES,07.2012
200,m,20,---,---,GREEFF Jean,17.04.1990,RSA,94,93.32,130,137,*141,137,170,*175,176,176,313,XXX OLYMPIC GAMES,07.2012
201,m,---,---,---,KASABIJEW Arsen,15.11.1987,POL,94,93.56,170,*174,*174,170,---,---,---,---,0,XXX OLYMPIC GAMES,07.2012
202,m,1,---,---,TOROKHTIY Oleksiy,22.05.1986,UKR,105,104.31,185,*190,*190,185,222,*226,227,227,412,XXX OLYMPIC GAMES,07.2012
203,m,2,---,---,NASIRSHELAL Navab,01.04.1989,IRI,105,104.41,*183,*183,184,184,222,227,*229,227,411,XXX OLYMPIC GAMES,07.2012
204,m,3,---,---,BONK Bartlomiej Wojciech,11.10.1984,POL,105,104.01,185,188,190,190,*219,220,*225,220,410,XXX OLYMPIC GAMES,07.2012
205,m,4,---,---,NURUDINOV Ruslan,24.11.1991,UZB,105,102.04,184,*188,*190,184,220,*226,*226,220,404,XXX OLYMPIC GAMES,07.2012
206,m,5,---,---,EFREMOV Ivan,09.03.1986,UZB,105,103.83,175,179,183,183,213,218,*225,218,401,XXX OLYMPIC GAMES,07.2012
207,m,6,---,---,JUGHELI Ahed,10.10.1982,SYR,105,104.98,172,180,*184,180,*215,218,*225,218,398,XXX OLYMPIC GAMES,07.2012
208,m,7,---,---,PLESNIEKS Arturs,21.01.1992,LAT,105,103.69,167,171,175,175,208,215,*225,215,390,XXX OLYMPIC GAMES,07.2012
209,m,8,---,---,ARROYO VALDEZ Jorge David,23.09.1991,ECU,105,103.96,175,180,185,185,*200,200,*208,200,385,XXX OLYMPIC GAMES,07.2012
210,m,9,---,---,SPIESS Jurgen Christian,26.03.1984,GER,105,104.45,167,172,*175,172,197,202,*214,202,374,XXX OLYMPIC GAMES,07.2012
211,m,10,---,---,TAGIROV Sergiy,02.01.1989,UKR,105,104.72,166,171,174,174,200,*207,*208,200,374,XXX OLYMPIC GAMES,07.2012
212,m,11,---,---,TESOVIC Martin,20.10.1974,SVK,105,104.19,162,167,*170,167,190,*196,196,196,363,XXX OLYMPIC GAMES,07.2012
213,m,12,---,---,ZAICHIKOV Alexandr,17.08.1992,KAZ,105,94.74,155,*165,*165,155,195,201,205,205,360,XXX OLYMPIC GAMES,07.2012
214,m,13,---,---,GARCIA  BUSTOS Jorge Eduardo,22.04.1987,CHI,105,104.41,*150,150,*161,150,*191,*191,191,191,341,XXX OLYMPIC GAMES,07.2012
215,m,14,---,---,BIDANI Walid,11.06.1994,ALG,105,101.45,*160,160,*165,160,*180,*180,180,180,340,XXX OLYMPIC GAMES,07.2012
216,m,---,---,---,MACHAVARIANI Gia,26.02.1985,GEO,105,103.86,*185,*185,185,185,*220,*220,*225,---,0,XXX OLYMPIC GAMES,07.2012
217,m,---,---,---,KIM Wha Sung,22.06.1985,KOR,105,104.55,*178,*178,*178,---,---,---,---,---,0,XXX OLYMPIC GAMES,07.2012
218,m,---,---,---,DOLEGA Marcin,18.07.1982,POL,105,104.01,*190,*190,*190,---,---,---,---,---,0,XXX OLYMPIC GAMES,07.2012
219,w,1,---,---,ZHOU Lulu,19.03.1988,CHN,p75,130.83,142,*146,146,146,181,187,*190,187,333,XXX OLYMPIC GAMES,07.2012
220,w,2,---,---,KASHIRINA Tatiana,24.01.1991,RUS,p75,102.31,144,149,151,151,175,181,*187,181,332,XXX OLYMPIC GAMES,07.2012
221,w,3,---,---,KHURSHUDYAN Hripsime,27.07.1987,ARM,p75,87.58,124,128,*132,128,158,*166,166,166,294,XXX OLYMPIC GAMES,07.2012
222,w,4,---,---,JANG Mi-ran,09.10.1983,KOR,p75,118.07,120,125,*129,125,158,164,*170,164,289,XXX OLYMPIC GAMES,07.2012
223,w,5,---,---,RAMADAN MOHAMED Nahla,04.04.1985,EGY,p75,105.51,122,*125,*125,122,150,155,*158,155,277,XXX OLYMPIC GAMES,07.2012
224,w,6,---,---,OPELOGE Ele,11.07.1985,SAM,p75,124.89,117,*122,*122,117,145,150,*155,150,267,XXX OLYMPIC GAMES,07.2012
225,w,7,---,---,ROBLES Sarah Elizabeth,01.08.1988,USA,p75,124.35,114,*118,120,120,*144,*145,145,145,265,XXX OLYMPIC GAMES,07.2012
226,w,8,---,---,NIEVE ARROYO Oliba Seledina,25.11.1977,ECU,p75,97.43,113,117,*120,117,*138,138,*142,138,255,XXX OLYMPIC GAMES,07.2012
227,w,9,---,---,SHIMAMOTO Mami,24.09.1987,JPN,p75,105.90,103,107,110,110,138,143,*146,143,253,XXX OLYMPIC GAMES,07.2012
228,w,10,---,---,MANGOLD Holley Elizabeth,22.12.1989,USA,p75,157.04,*105,105,*110,105,135,*140,*140,135,240,XXX OLYMPIC GAMES,07.2012
229,w,11,---,---,CAMPOSECO HERNANDEZ Astrid Roxana,27.04.1991,GUA,p75,88.52,87,91,93,93,112,115,*117,115,208,XXX OLYMPIC GAMES,07.2012
230,w,12,---,---,PETERS Luisa Fatiaki Taitapu,27.06.1993,COK,p75,88.58,74,78,82,82,95,100,*105,100,182,XXX OLYMPIC GAMES,07.2012
231,w,13,---,---,AMPOMAH Alberta Boatema ,03.11.1994,GHA,p75,78.53,*70,70,73,73,*97,97,101,101,174,XXX OLYMPIC GAMES,07.2012
232,w,---,---,---,USMAN Maryam,09.11.1990,NGR,p75,120.79,125,129,*133,129,*160,*160,*160,---,0,XXX OLYMPIC GAMES,07.2012
233,m,1,---,---,SALIMIKORDASIABI Behdad,08.12.1989,IRI,p105,168.19,201,205,208,208,247,*264,---,247,455,XXX OLYMPIC GAMES,07.2012
234,m,2,---,---,ANOUSHIRAVANI HAMLABAD Sajjad,12.05.1984,IRI,p105,152.46,198,*204,204,204,237,245,*251,245,449,XXX OLYMPIC GAMES,07.2012
235,m,3,---,---,ALBEGOV Ruslan,26.01.1988,RUS,p105,147.15,198,204,208,208,240,*245,*247,240,448,XXX OLYMPIC GAMES,07.2012
236,m,4,---,---,JEON Sang-Guen,28.02.1981,KOR,p105,157.53,190,*200,*200,190,*246,246,*259,246,436,XXX OLYMPIC GAMES,07.2012
237,m,5,---,---,TURMANIDZE Irakli,13.12.1984,GEO,p105,126.23,192,198,201,201,225,*232,232,232,433,XXX OLYMPIC GAMES,07.2012
238,m,6,---,---,SHYMECHKO Ihor,27.05.1986,UKR,p105,137.38,*197,197,*200,197,225,232,*237,232,429,XXX OLYMPIC GAMES,07.2012
239,m,7,---,---,ORSAG Jiri,05.01.1989,CZE,p105,128.15,182,187,*190,187,231,239,*242,239,426,XXX OLYMPIC GAMES,07.2012
240,m,8,---,---,VELAGIC Almir,22.08.1981,GER,p105,141.41,186,190,192,192,229,234,*238,234,426,XXX OLYMPIC GAMES,07.2012
241,m,9,---,---,ZHARNASEK Yauheni,09.08.1987,BLR,p105,147.37,188,193,196,196,219,225,230,230,426,XXX OLYMPIC GAMES,07.2012
242,m,10,---,---,CHEN Shih-Chieh,27.11.1989,TPE,p105,141.14,177,182,*185,182,230,236,*240,236,418,XXX OLYMPIC GAMES,07.2012
243,m,11,---,---,NAGY Peter,16.01.1986,HUN,p105,155.55,184,191,*196,191,216,225,*230,225,416,XXX OLYMPIC GAMES,07.2012
244,m,12,---,---,SARAIVA REIS Fernando,10.03.1990,BRA,p105,140.49,178,180,*186,180,220,*225,---,220,400,XXX OLYMPIC GAMES,07.2012
245,m,13,---,---,OTA Kazuomi,01.07.1986,JPN,p105,146.51,180,*184,185,185,*215,215,*222,215,400,XXX OLYMPIC GAMES,07.2012
246,m,14,---,---,DETENAMO Itte,22.09.1986,NRU,p105,151.32,165,170,175,175,205,*215,215,215,390,XXX OLYMPIC GAMES,07.2012
247,m,15,---,---,LOPEZ BOBADILLA Christian Alberto,30.03.1984,GUA,p105,139.15,172,*177,*177,172,*209,209,215,215,387,XXX OLYMPIC GAMES,07.2012
248,m,16,---,---,KELLY Damon Joseph,01.12.1983,AUS,p105,150.83,155,160,165,165,192,201,216,216,381,XXX OLYMPIC GAMES,07.2012
249,m,17,---,---,FOKEJOU TEFOT Frederic,03.12.1979,CMR,p105,132.74,150,155,160,160,190,*200,202,202,362,XXX OLYMPIC GAMES,07.2012
250,m,18,---,---,CARL Henriquez,08.08.1979,ARU,p105,150.38,115,122,*127,122,*160,160,*171,160,282,XXX OLYMPIC GAMES,07.2012
251,m,---,---,---,STEINER Matthias,25.08.1982,GER,p105,149.98,192,*196,*197,192,---,---,---,---,0,XXX OLYMPIC GAMES,07.2012